year,return_pct
2023,-15.851156793391974
2024,94.82284949393667
2025,-0.7491110629638698
