buf,trail,cagr,maxdd,mar
0.45,1.4,7.07,-7.51,0.941411451398136
0.45,1.5,7.07,-7.51,0.941411451398136
0.45,1.3,7.07,-7.51,0.941411451398136
