year,return_pct
2023,17.71276153968977
2024,26.415973869651353
2025,-0.41092311015562544
