year,return_pct
2023,-4.209586255485576
2024,34.7296658595208
2025,-1.115929227450363
