year,return_pct
2023,5.501055381190678
2024,9.533739811365184
2025,0.040040845628608324
