year,return_pct
2023,7.69173322383474
2024,7.07002979562108
2025,0.04012893840368292
