year,return_pct
2023,1.6173854863527293
2024,15.841882816384079
2025,-0.5194603994577829
