year,return_pct
2023,-7.133856264692284
2024,16.88681600247175
2025,0.0
